year-end,rank,artist_name,song_title,words,positive,negative,neutral
2018,1,Drake,God's Plan,301,1.3289036544850499,4.651162790697675,94.01993355481727
2018,2,Ed Sheeran,Perfect,258,4.263565891472868,0.7751937984496124,94.96124031007751
